交易日期,开盘价,最高价,最低价,收盘价,前收盘价,涨跌额,涨跌幅(%),成交量(手),成交额(元)
20250704,1359.8180739,1375.36900603,1354.35267527,1366.08070994,1359.7220212,6.358688739999934,0.4676,2876691,4086547267.71
20250707,1366.13834156,1367.3101845,1354.35267527,1355.0154389,1366.08070994,-11.06527103999997,-0.81,2385467,3370562659.31
20250708,1355.02504417,1363.94834,1355.0154389,1360.21188997,1355.0154389,5.196451069999966,0.3835,1867370,2643302690.74
20250709,1359.145705,1373.52479419,1358.34846759,1362.87254976,1360.21188997,2.6606597900001816,0.1956,2774532,3950810723.36
20250710,1362.95899719,1379.48966686,1354.7272808,1370.1917655,1362.87254976,7.3192157399998905,0.537,3872503,5503329754.22
20250711,1366.98360532,1400.448366,1366.98360532,1370.672029,1370.1917655,0.4802635000000919,0.0351,5724335,8239010389.77
20250714,1373.55361,1378.33703446,1365.4851832,1367.4062372,1370.672029,-3.265791799999988,-0.2383,2778094,3961736006.36
20250715,1364.88965646,1366.76268411,1352.72938464,1355.303597,1367.4062372,-12.102640199999996,-0.8851,3540578,5005150164.61
20250716,1354.35267527,1361.53741723,1354.29504365,1355.33241281,1355.303597,0.028815809999969133,0.0021,2128605,3006882578.86
20250717,1358.16596746,1366.83952627,1357.10938776,1360.44241645,1355.33241281,5.110003640000059,0.377,2310554,3273100406.19
20250718,1363.94834,1381.05532587,1360.47123226,1380.277299,1360.44241645,19.834882549999975,1.458,4182341,5984949774.21
20250721,1380.26769373,1389.6904636,1378.356245,1386.040461,1380.277299,5.763161999999966,0.4175,2620331,3779891828.99
20250722,1387.000988,1408.7088982,1383.81203836,1407.15284446,1386.040461,21.112383460000046,1.5232,4211898,6127636851.04
20250723,1411.014163,1435.987865,1410.96613665,1417.2575885,1407.15284446,10.104744040000014,0.7181,4504484,6676301461.97
20250724,1417.737852,1439.829973,1416.777325,1432.6260205,1417.2575885,15.368431999999984,1.0844,3880364,5786337377.36
20250725,1432.5299678,1432.5299678,1395.645731,1397.566785,1432.6260205,-35.05923550000011,-2.4472,4191126,6140078740.77
20250728,1395.645731,1397.55717973,1379.6049301,1381.87177382,1397.566785,-15.695011179999938,-1.123,3858632,5560966385.77
20250729,1382.7746692,1391.60191233,1378.36585027,1382.198353,1381.87177382,0.32657917999995334,0.0236,2630408,3785848101.96
20250730,1387.000988,1399.64152332,1380.277299,1392.22625488,1382.198353,10.027901879999945,0.7255,3186771,4612883039.77
20250731,1386.040461,1387.83664649,1362.027286,1365.55242009,1392.22625488,-26.67383479,-1.9159,5179751,7386302757.86
20250801,1365.74452549,1369.67308092,1358.185178,1361.066759,1365.55242009,-4.485661089999894,-0.3285,2963559,4200850789.62
20250804,1359.145705,1363.7562346,1358.185178,1362.987813,1361.066759,1.9210539999999128,0.1411,1868795,2647105740.47
20250805,1364.908867,1373.49597838,1361.17241697,1371.38281898,1362.987813,8.39500597999995,0.6159,2534227,3607931487.62
20250806,1372.593083,1372.593083,1363.2759711,1367.67518476,1371.38281898,-3.707634219999818,-0.2704,2369928,3372334939.9
20250807,1367.67518476,1371.3443979,1364.00597162,1366.20557845,1367.67518476,-1.4696063100000174,-0.1075,2800134,3988765794.59
20250808,1366.87794735,1370.1917655,1362.027286,1364.88005119,1366.20557845,-1.3255272600001717,-0.097,1865528,2651478117.98
20250811,1367.3101845,1394.67559873,1366.829921,1387.961515,1364.88005119,23.08146381000006,1.6911,4715907,6794034089.86
20250812,1391.803623,1407.23929189,1379.316772,1380.31572008,1387.961515,-7.645794920000071,-0.5509,4201923,6095342035.74
20250813,1368.750975,1377.08834936,1363.94834,1363.99636635,1380.31572008,-16.319353729999875,-1.1823,6552754,9325460101.11
20250814,1364.85123538,1390.37243777,1364.85123538,1370.66242373,1363.99636635,6.666057379999984,0.4887,4812930,6897535330.17
20250815,1369.72110727,1372.26650382,1364.15965594,1365.94623616,1370.66242373,-4.716187570000102,-0.3441,4758165,6772436996.79
20250818,1370.66242373,1379.93150928,1366.9259737,1372.1128195,1365.94623616,6.166583339999988,0.4515,4737798,6773477871.39
20250819,1376.9154545,1389.55598982,1375.474664,1381.237826,1372.1128195,9.125006500000154,0.665,4637186,6678541000.8
20250820,1381.237826,1395.4536256,1373.57282054,1392.76415,1381.237826,11.526323999999931,0.8345,4580466,6623095725.06
20250821,1396.07796815,1397.55717973,1386.66480355,1391.08322775,1392.76415,-1.6809222499998668,-0.1207,3089057,4470441662.41
20250822,1391.68835976,1406.211528,1387.74059379,1406.16350165,1391.08322775,15.080273899999838,1.0841,4497058,6544867367.85
20250825,1411.98429527,1436.948392,1408.132582,1431.50220391,1406.16350165,25.33870225999999,1.802,6532455,9676719497.55
20250826,1431.49259864,1435.24825921,1421.58956527,1423.12640847,1431.50220391,-8.375795440000047,-0.5851,3960213,5883917000.27
20250827,1423.38575076,1426.31535811,1390.843096,1390.843096,1423.12640847,-32.28331246999983,-2.2685,5600609,8184169112.68
20250828,1390.81428019,1398.6233647,1381.97743179,1389.0180947,1390.843096,-1.8250013000001672,-0.1312,3928177,5683673273.48
20250829,1395.645731,1424.05811966,1394.685204,1421.57996,1389.0180947,32.561865300000136,2.3442,6225648,9159701454.16
20250901,1423.6931194,1429.264176,1407.8444239,1417.8339047,1421.57996,-3.74605530000008,-0.2635,4512338,6658918555.35
20250902,1420.29285382,1449.435243,1419.658906,1432.4339151,1417.8339047,14.600010399999974,1.0297,5668837,8470012816.38
20250903,1432.145757,1444.1523445,1408.132582,1422.10824985,1432.4339151,-10.325665249999929,-0.7208,4504503,6656011144.64
20250904,1413.895744,1420.9075911,1402.82086769,1414.52969182,1422.10824985,-7.5785580300000674,-0.5329,4774676,7017084749.97
20250905,1412.935217,1428.27483319,1406.211528,1424.461541,1414.52969182,9.931849179999972,0.7021,3738848,5519312162.71
20250908,1424.461541,1446.97629388,1419.1786425,1441.97194821,1424.461541,17.51040721000004,1.2293,5138298,7682065696.25
20250909,1445.593135,1450.34774365,1434.47023234,1445.593135,1441.97194821,3.621186790000138,0.2511,3574277,5366650005.04
20250910,1447.18760982,1469.55828365,1436.948392,1461.93169927,1445.593135,16.338564270000006,1.1302,4966331,7541460048.95
20250911,1461.93169927,1465.78341254,1448.9549795,1463.3628845,1461.93169927,1.4311852299999828,0.0979,3723896,5642778455.82
20250912,1465.764202,1477.30973654,1450.90484931,1456.158932,1463.3628845,-7.203952500000014,-0.4923,3372209,5132184935.11
20250915,1456.03406349,1457.58051196,1442.2312905,1455.2944577,1456.158932,-0.8644742999999835,-0.0594,2582703,3901929717.6
20250916,1455.2944577,1460.95196173,1437.15010267,1440.77128946,1455.2944577,-14.523168240000132,-0.998,3271789,4928374477.56
20250917,1440.78089473,1450.66471756,1431.19483527,1434.066811,1440.77128946,-6.7044784600000185,-0.4653,3033054,4534770634.47
20250918,1433.106284,1438.6773406,1405.7312645,1410.01521492,1434.066811,-24.051596079999854,-1.6772,4972125,7347477478.96
20250919,1410.04403073,1417.2575885,1399.49744427,1410.02482019,1410.01521492,0.009605269999838129,0.0007,3263662,4784528851.26
20250922,1407.25850243,1410.02482019,1392.77375527,1395.98191545,1410.02482019,-14.042904739999813,-0.9959,3494708,5085057536.09
20250923,1393.2444135,1399.9681025,1383.15888,1390.28599034,1395.98191545,-5.695925110000189,-0.408,3866300,5588384387.76
20250924,1377.46295489,1399.27652306,1377.46295489,1385.079934,1390.28599034,-5.2060563399998045,-0.3745,3074350,4443052872.0
20250925,1385.87717141,1388.16322567,1379.316772,1382.198353,1385.079934,-2.8815810000000965,-0.208,3386973,4873274661.35
20250926,1384.29230186,1389.98822697,1371.64216127,1378.356245,1382.198353,-3.842108000000053,-0.278,4512071,6480889596.65
20250929,1382.56335326,1411.96508473,1378.356245,1403.19547322,1378.356245,24.839228219999995,1.8021,5368403,7798434585.87
20250930,1402.36942,1403.09942052,1383.15888,1386.99138273,1403.19547322,-16.20409049,-1.1548,3936362,5687474875.7
20251009,1379.316772,1382.56335326,1363.94834,1380.06598306,1386.99138273,-6.925399669999933,-0.4993,5491812,7845448946.72
20251010,1380.8536152,1383.10124838,1371.1522925,1373.55361,1380.06598306,-6.512373060000073,-0.4719,3600144,5157459262.02
20251013,1359.8180739,1366.68584195,1359.26096824,1363.1799184,1373.55361,-10.37369160000003,-0.7552,4606880,6533147457.76
20251014,1373.54400473,1406.211528,1373.54400473,1393.74388754,1363.1799184,30.563969140000154,2.2421,6667233,9639484605.16
20251015,1393.70546646,1405.251001,1388.03835716,1404.290474,1393.74388754,10.546586459999844,0.7567,4278540,6233407482.18
20251016,1404.21363184,1426.33456865,1401.29362976,1426.29614757,1404.290474,22.00567357,1.567,4573015,6749162949.17
20251017,1424.5575937,1429.264176,1396.63507381,1397.566785,1426.29614757,-28.72936256999992,-2.0143,3808589,5594724899.72
20251020,1397.566785,1411.4944265,1397.45152176,1400.38112911,1397.566785,2.8143441100000928,0.2014,2594988,3793283758.73
20251021,1401.408893,1411.91705838,1398.0470485,1404.54021102,1400.38112911,4.159081909999941,0.297,2544267,3727984130.33
20251022,1404.36731616,1407.87323971,1398.527312,1401.1207349,1404.54021102,-3.4194761200001267,-0.2435,1819492,2657486636.22
20251023,1397.566785,1410.8220576,1390.0746744,1410.03442546,1401.1207349,8.913690560000077,0.6362,2932235,4274652090.39
20251024,1410.00560965,1420.50416976,1392.13020218,1392.76415,1410.03442546,-17.270275459999993,-1.2248,3822583,5578603148.43
20251027,1383.15888,1395.15586223,1379.30716673,1383.55269607,1392.76415,-9.211453930000062,-0.6614,3710239,5352667151.51
20251028,1385.079934,1393.9167824,1384.2154597,1387.961515,1383.55269607,4.408818930000052,0.3187,2712433,3923817140.03
20251029,1383.17809054,1389.45033185,1373.59203108,1375.3786113,1387.961515,-12.58290369999986,-0.9066,3393711,4868780319.17
20251030,1365.68689387,1379.92190401,1365.68689387,1370.42229198,1375.3786113,-4.956319320000148,-0.3604,4745610,6768821310.66
20251031,1365.869394,1379.29756146,1364.05399797,1373.56321527,1370.42229198,3.140923290000046,0.2292,3569377,5109623860.84
20251103,1374.514137,1390.843096,1364.0443927,1378.356245,1373.56321527,4.793029729999944,0.3489,3454766,4945310830.23
20251104,1378.4522977,1379.10545606,1367.57913206,1372.593083,1378.356245,-5.763161999999966,-0.4181,2656572,3793892903.12
20251105,1369.60584403,1374.50453173,1363.95794527,1364.02518216,1372.593083,-8.567900839999993,-0.6242,3447527,4908475372.84
20251106,1373.55361,1384.55164415,1373.54400473,1378.48111351,1364.02518216,14.4559313499999,1.0598,3834782,5505960414.53
20251107,1378.46190297,1382.94756406,1374.61979497,1376.75216491,1378.48111351,-1.728948599999967,-0.1254,1886139,2704995856.01
20251110,1378.356245,1405.91376463,1378.33703446,1404.5786321,1376.75216491,27.82646719000013,2.0212,4945154,7181246441.08
20251111,1404.290474,1404.46336886,1389.882569,1401.39928773,1404.5786321,-3.1793443700000807,-0.2264,2669156,3882776771.77
20251112,1402.35020946,1420.00469572,1401.61060367,1407.31613405,1401.39928773,5.916846320000104,0.4222,3299210,4849073050.81
20251113,1404.40573724,1415.41337666,1400.448366,1412.33969026,1407.31613405,5.023556209999924,0.357,3117923,4569178268.97
20251114,1411.97469,1420.57140665,1398.8154701,1399.1036282,1412.33969026,-13.236062059999995,-0.9372,2747306,4031007105.91
20251117,1396.606258,1414.856271,1388.72033133,1412.935217,1399.1036282,13.831588799999963,0.9886,3446221,5035780026.54
20251118,1412.6470589,1427.41035889,1411.014163,1417.737852,1412.935217,4.802635000000009,0.3399,3420478,5055675473.58
20251119,1415.816798,1421.12851231,1411.93626892,1412.94482227,1417.737852,-4.793029729999944,-0.3381,2204537,3249449213.62
20251120,1413.895744,1421.4839073,1407.20087081,1409.19876697,1412.94482227,-3.74605530000008,-0.2651,2400232,3531653942.73
20251121,1412.4549535,1421.57996,1398.527312,1408.7088982,1409.19876697,-0.48986876999993,-0.0348,4260720,6259873432.52
20251124,1409.093109,1412.935217,1393.84954551,1394.685204,1408.7088982,-14.023694199999909,-0.9955,3360744,4901903704.77
20251125,1400.448366,1400.448366,1387.4812515,1387.62533055,1394.685204,-7.059873450000168,-0.5062,2844069,4119930011.48
20251126,1391.68835976,1396.11638923,1386.59756666,1391.94770205,1387.62533055,4.322371500000145,0.3115,2030616,2938818094.58
20251127,1392.2838865,1392.76415,1382.23677408,1390.1707271,1391.94770205,-1.776974950000067,-0.1277,2228689,3216797187.48
20251128,1389.4023055,1398.0470485,1386.040461,1393.2444135,1390.1707271,3.0736864000000423,0.2211,2321121,3366696621.68
20251201,1393.724677,1404.54981629,1385.079934,1390.843096,1393.2444135,-2.4013175000000047,-0.1724,2733342,3961994999.07
20251202,1390.843096,1394.60836184,1378.37545554,1379.34558781,1390.843096,-11.497508189999962,-0.8267,2504726,3607543824.69
20251203,1379.13427187,1379.28795619,1371.632556,1372.6891357,1379.34558781,-6.656452110000146,-0.4826,2357279,3370080065.68
20251204,1372.6891357,1375.9549275,1362.39228626,1367.77123746,1372.6891357,-4.917898239999886,-0.3583,2907539,4134921901.54
20251205,1367.77123746,1376.52163843,1363.4680765,1373.56321527,1367.77123746,5.791977809999935,0.4235,2540166,3622681596.52
20251208,1372.7851884,1379.96032509,1362.027286,1362.23860194,1373.56321527,-11.32461332999992,-0.8245,3360280,4789155769.65
20251209,1362.24820721,1364.908867,1344.78582635,1345.70793227,1362.23860194,-16.53066967000018,-1.2135,4263443,5995722120.97
20251210,1344.7378,1347.4272756,1328.58173586,1347.4272756,1345.70793227,1.7193433300001288,0.1278,3313347,4625906138.96
20251211,1351.13490982,1356.25451873,1346.22661685,1356.25451873,1347.4272756,8.827243129999943,0.6551,2238501,3149974074.19
20251212,1362.027286,1368.750975,1357.77215139,1364.57268255,1356.25451873,8.318163820000109,0.6133,3715919,5273563274.4
20251215,1382.76506393,1383.14927473,1369.29847539,1369.711502,1364.57268255,5.138819450000028,0.3766,3335879,4774362060.21
20251216,1369.9036074,1372.38176706,1359.145705,1365.869394,1369.711502,-3.842108000000053,-0.2805,2396367,3403139194.19
20251217,1368.750975,1383.10124838,1361.71991736,1376.5312437,1365.869394,10.661849699999948,0.7806,3138249,4489482138.1
20251218,1376.9154545,1382.08308976,1369.81715997,1374.514137,1376.5312437,-2.017106700000113,-0.1465,1782995,2551177659.18
20251219,1377.40503,1379.79839335,1368.62285183,1377.40503,1374.51345632,2.891573679999965,0.2104,2650868,3733028356.79
20251222,1377.40503,1381.44932562,1374.06409014,1375.70525358,1377.40503,-1.6997764199998073,-0.1234,2042565,2881636855.8
20251223,1375.70525358,1380.26729719,1364.89115877,1375.31450038,1375.70525358,-0.39075320000006286,-0.0284,2450681,3445377031.98
20251224,1372.51084617,1373.84917588,1367.6362,1368.5153947,1375.31450038,-6.799105680000139,-0.4944,2518669,3533253565.21
20251225,1372.520615,1386.66588084,1368.98429854,1381.47863211,1368.5153947,12.963237410000147,0.9472,2338621,3299572095.79
20251226,1381.47863211,1386.33374062,1377.40503,1381.43955679,1381.47863211,-0.039075319999938074,-0.0028,1780299,2520605635.13
20251229,1381.43955679,1381.43955679,1368.613083,1369.589966,1381.43955679,-11.849590790000093,-0.8578,2630810,3694660106.7
20251230,1368.613083,1369.4922777,1353.959838,1357.59384276,1369.589966,-11.996123240000088,-0.8759,3379194,4702489813.46
20251231,1357.86737,1361.774902,1345.33396111,1345.34372994,1357.59384276,-12.250112819999913,-0.9023,3476563,4799456452.08
20260105,1352.982955,1398.77923004,1352.982955,1393.035158,1345.34372994,47.69142805999991,3.5449,7094942,10018086372.3
20260106,1399.43374165,1403.75156451,1383.78407599,1394.99869283,1393.035158,1.9635348300000715,0.141,3958618,5649710152.77
20260107,1399.75611304,1401.827105,1387.3692366,1390.45618688,1394.99869283,-4.542505950000077,-0.3256,2968380,4234255286.35
20260108,1390.42688039,1390.45618688,1375.58802762,1379.6518609,1390.45618688,-10.80432597999993,-0.777,2913454,4117925041.37
20260109,1384.243211,1395.5750538,1383.27609683,1386.2946653,1379.6518609,6.642804399999932,0.4815,2984774,4243865418.15
20260112,1386.2946653,1397.919573,1384.3408993,1390.32919209,1386.2946653,4.0345267900002,0.291,3608266,5135636032.86
20260113,1393.80689557,1396.47378616,1376.41837817,1378.381913,1390.32919209,-11.947279090000166,-0.8593,3916866,5555633778.58
20260114,1378.381913,1389.37184675,1363.90450694,1365.69220283,1378.381913,-12.689710169999898,-0.9206,5175797,7285041159.31
20260115,1363.74820566,1370.40077889,1356.48019614,1356.78302987,1365.69220283,-8.909172959999978,-0.6524,4090714,5698739671.26
20260116,1362.751785,1365.1939925,1348.09854,1350.052306,1356.78302987,-6.73072387000002,-0.4961,5512068,7643061997.67
20260119,1349.9546177,1355.41539367,1343.214125,1344.191008,1350.052306,-5.861298000000033,-0.4342,4228640,5833745441.57
20260120,1347.6100985,1349.64201514,1340.33232015,1341.79764465,1344.191008,-2.3933633500000724,-0.1781,3648443,5021900765.1
20260121,1341.80741348,1342.6279952,1318.79205,1319.82754598,1341.79764465,-21.97009866999997,-1.6374,6451625,8775880803.48
20260122,1320.75558483,1330.28019408,1306.56147484,1309.08183298,1319.82754598,-10.745713000000023,-0.8142,5901089,7962441433.5
20260123,1309.1209083,1316.838284,1301.66729101,1306.092571,1309.08183298,-2.9892619800000375,-0.2283,6194890,8301311489.4
20260126,1309.52143033,1323.676465,1294.48720096,1310.976986,1306.092571,4.88441499999999,0.374,8016606,10751225525.38
20260127,1313.88809734,1322.4065171,1307.069454,1311.96363783,1310.976986,0.986651830000028,0.0753,4841596,6514513216.1
20260128,1311.99294432,1315.57810493,1291.44909483,1293.09025827,1311.96363783,-18.873379559999876,-1.4386,7621801,10135019524.34
20260129,1304.138805,1411.595935,1298.33611998,1404.48422676,1293.09025827,111.3939684899999,8.6146,18953440,26305591086.21
20260130,1401.827105,1401.827105,1368.613083,1368.613083,1404.48422676,-35.871143759999995,-2.554,9447974,13366329413.51
20260202,1392.058275,1424.86200614,1378.98758046,1394.012041,1368.613083,25.398957999999993,1.8558,8572427,12312646442.55
20260203,1411.595935,1442.67058323,1409.67147549,1440.82427436,1394.012041,46.81223335999994,3.3581,8632066,12628439702.8
20260204,1450.671255,1497.82539741,1439.925542,1489.746575,1440.82427436,48.92230064,3.3954,10912293,16444345979.59
20260205,1484.86216,1528.821895,1479.977745,1519.053065,1489.746575,29.306490000000167,1.9672,9162274,14183456476.13
20260206,1519.053065,1531.752544,1471.06857204,1479.98751383,1519.053065,-39.06555117000016,-2.5717,7896538,12019878669.0
20260209,1482.908394,1507.21324304,1478.50265167,1489.70749968,1479.98751383,9.719985850000057,0.6568,5116846,7809067704.6
20260210,1489.71726851,1489.71726851,1461.9054095,1470.0135384,1489.70749968,-19.69396127999994,-1.322,3957596,5953269320.58
20260211,1470.0135384,1479.000862,1461.416968,1469.55440339,1470.0135384,-0.4591350099999545,-0.0312,3092846,4648360030.09
20260212,1465.5198766,1468.07931006,1439.30033688,1452.2342678,1469.55440339,-17.320135590000064,-1.1786,4624582,6874370112.57
20260213,1452.2342678,1472.9441874,1436.58460214,1450.9643199,1452.2342678,-1.2699479000000338,-0.0874,4167901,6216379202.62
20260224,1485.839043,1489.1604452,1429.7659588,1432.8919844,1450.9643199,-18.07233550000001,-1.2455,4191253,6198840572.43
20260225,1436.01801,1474.76118978,1433.94701804,1457.17729578,1432.8919844,24.28531137999994,1.6948,3688067,5490316149.39
20260226,1452.2342678,1455.05745967,1430.81122361,1432.31562343,1457.17729578,-24.861672349999935,-1.7062,3295801,4855471430.1
20260227,1433.07759217,1442.08445343,1421.38430266,1421.38430266,1432.31562343,-10.931320769999957,-0.7632,3216016,4697692477.08
20260302,1416.48035,1423.318531,1403.44873078,1406.81897713,1421.38430266,-14.56532553000011,-1.0247,3545386,5115063511.43
20260303,1406.8092083,1419.28400421,1389.25462079,1393.22076577,1406.81897713,-13.598211359999823,-0.9666,4589086,6565381648.19
20260304,1382.289445,1390.104509,1359.90905547,1368.78892194,1393.22076577,-24.43184383000016,-1.7536,4801443,6743267103.4
20260305,1373.497498,1380.29660368,1362.751785,1366.69839232,1368.78892194,-2.09052961999987,-0.1527,3050524,4276226062.38
20260306,1362.751785,1374.9628225,1355.913604,1369.589966,1366.69839232,2.891573679999965,0.2116,2915415,4072328833.32
20260309,1357.86737,1372.4229267,1351.2245656,1364.705551,1369.589966,-4.88441499999999,-0.3566,3744162,5220095639.08
20260310,1372.4229267,1376.90681967,1365.682434,1369.47274004,1364.705551,4.767189039999948,0.3493,2462592,3457808915.65
20260311,1370.55708017,1373.48772917,1365.70197166,1367.6362,1369.47274004,-1.8365400400000453,-0.1341,2445673,3425363891.78
20260312,1362.751785,1371.49488785,1358.85402183,1359.821136,1367.6362,-7.815063999999893,-0.5714,2758646,3850521716.68
20260313,1360.29003984,1384.84887846,1359.821136,1380.96088412,1359.821136,21.139748119999922,1.5546,3360783,4738808557.68
20260316,1387.17386,1432.110478,1387.17386,1426.42501894,1380.96088412,45.46413482000003,3.2922,6008635,8711525836.03
20260317,1434.064244,1463.43911581,1427.41167077,1450.671255,1426.42501894,24.24623606,1.6998,4945361,7347310632.23
20260318,1454.578787,1461.9054095,1429.32636145,1434.8457504,1450.671255,-15.825504599999931,-1.0909,3555100,5239992521.93
20260319,1438.90958368,1438.948659,1412.572818,1419.28400421,1434.8457504,-15.561746190000122,-1.0846,3031859,4404953480.91
20260320,1419.37192368,1428.6913875,1405.734637,1411.595935,1419.28400421,-7.688069209999867,-0.5417,2613234,3782818260.28
20260323,1400.19571039,1401.827105,1367.66550649,1375.51964581,1411.595935,-36.076289190000125,-2.5557,4725589,6669708664.51
20260324,1383.266328,1384.81957197,1367.81203894,1374.79675239,1375.51964581,-0.7228934199999912,-0.0526,2856179,4017694387.36
20260325,1377.51248713,1385.09309921,1368.62285183,1377.66878841,1374.79675239,2.872036019999996,0.2089,2609346,3677905549.06
20260326,1376.428147,1381.2148737,1367.9292649,1368.78892194,1377.66878841,-8.879866470000024,-0.6446,2309289,3243387502.43
20260327,1367.6362,1393.035158,1364.37341078,1383.28586566,1368.78892194,14.49694371999999,1.0591,3008711,4257499781.14
20260330,1374.474381,1397.919573,1370.09794516,1387.17386,1383.28586566,3.887994340000205,0.2811,2868459,4060684934.29
20260331,1434.064244,1445.71845819,1414.92710603,1416.48035,1387.17386,29.30648999999994,2.1127,6169066,9015486796.86
20260401,1430.63538467,1436.00824117,1419.29377304,1425.70212552,1416.48035,9.221775519999937,0.651,2912514,4256185471.72
20260402,1425.70212552,1431.01636904,1418.5318043,1426.13195404,1425.70212552,0.42982852000000094,0.0301,2106437,3071809845.5
20260403,1425.79981382,1435.97893468,1421.364765,1426.24918,1426.13195404,0.1172259600000416,0.0082,2019373,2953993080.58
20260407,1426.29802415,1436.01801,1401.87594915,1406.73105766,1426.24918,-19.51812233999999,-1.3685,2415218,3507471653.28
20260408,1426.24918,1435.11927764,1418.56111079,1431.15313266,1406.73105766,24.42207499999995,1.7361,3383610,4947937006.76
20260409,1431.15313266,1431.15313266,1414.0381425,1426.72785267,1431.15313266,-4.4252799900000355,-0.3092,2070476,3012278579.26
20260410,1425.40906062,1425.96588393,1407.7860913,1420.34880668,1426.72785267,-6.379045989999895,-0.4471,2886556,4187181528.88
20260413,1410.619052,1413.0612595,1399.873339,1409.94500273,1420.34880668,-10.40380395000011,-0.7325,2521364,3629675490.26
20260414,1409.2514158,1415.1127138,1401.827105,1413.4520127,1409.94500273,3.5070099700001265,0.2487,2423261,3492544229.78
20260415,1411.57639734,1436.78974757,1408.665286,1433.5758025,1413.4520127,20.12378979999994,1.4237,3455348,5049317186.54
20260416,1433.52695835,1443.25671303,1426.24918,1429.02352772,1433.5758025,-4.552274780000062,-0.3175,2451284,3597294838.11
20260417,1367.6362,1388.150743,1367.50920521,1374.70883292,1429.02352772,-54.31469479999987,-3.8008,9682499,13631929446.08
20260420,1370.566849,1381.25394902,1367.6362,1378.27445587,1374.70883292,3.5656229500000336,0.2594,3645139,5127146041.45
20260421,1378.381913,1387.0761717,1377.40503,1379.36856483,1378.27445587,1.0941089599998577,0.0794,2175427,3074595191.72
20260422,1382.289445,1386.196977,1372.50107734,1376.9165885,1379.36856483,-2.4519763299999795,-0.1778,2691593,3793827534.34
20260423,1375.451264,1386.8807951,1372.6183033,1386.196977,1376.9165885,9.280388500000072,0.674,3770109,5332831150.92
20260424,1380.4333673,1425.15507104,1380.4333673,1424.77408667,1386.196977,38.57710967000003,2.7829,5545531,8003410999.07
20260427,1387.17386,1387.17386,1369.7853426,1370.7622256,1424.77408667,-54.01186107000012,-3.7909,7279774,10239763452.3
20260428,1369.589966,1376.80913137,1367.74365713,1372.520615,1370.7622256,1.7583893999999418,0.1283,3400442,4772513712.16
20260429,1372.520615,1377.16080925,1367.90972724,1368.77915311,1372.520615,-3.7414618899999823,-0.2726,3481313,4881691348.25
20260430,1367.6362,1368.77915311,1348.09854,1352.77780957,1368.77915311,-16.00134353999988,-1.169,5275267,7316111748.09
20260506,1333.5429833,1347.121657,1328.60972415,1343.214125,1352.77780957,-9.563684570000078,-0.707,4780604,6550750939.85
20260507,1343.214125,1355.913604,1338.33947883,1339.35543715,1343.214125,-3.858687850000024,-0.2873,4046147,5573286314.86
20260508,1339.95133578,1350.80450591,1338.32971,1341.25059017,1339.35543715,1.8951530199999524,0.1415,3336853,4582855939.26
20260511,1341.15290187,1341.15290187,1329.537763,1329.86013439,1341.25059017,-11.390455779999911,-0.8492,5713510,7790721392.36
20260512,1330.514646,1332.05812114,1319.2804915,1323.23686765,1329.86013439,-6.623266739999963,-0.498,5083743,6886304981.88
20260513,1323.1880235,1327.1932438,1307.069454,1313.01867147,1323.23686765,-10.21819617999995,-0.7722,5696787,7653257144.39
20260514,1307.069454,1337.41143998,1304.31464394,1311.14305611,1313.01867147,-1.8756153599999834,-0.1428,5524434,7428592859.47
20260515,1304.28533745,1308.31986424,1296.43119813,1302.13619485,1311.14305611,-9.00686126000005,-0.6869,5818365,7749366540.01
20260518,1305.115688,1311.64126644,1289.10457563,1292.416209,1302.13619485,-9.719985850000057,-0.7465,4966097,6594983723.16
20260519,1291.3416377,1299.24462117,1287.531794,1293.6861569,1292.416209,1.2699479000000338,0.0983,4325464,5719170335.47
20260520,1290.462443,1302.17527017,1283.624262,1284.601145,1293.6861569,-9.085011899999927,-0.7023,4748733,6271273747.82
20260521,1282.62784134,1292.92418816,1280.693613,1280.693613,1284.601145,-3.907532000000174,-0.3042,3886838,5112740390.89
20260522,1280.64476885,1281.58257653,1260.29629596,1260.3744466,1280.693613,-20.319166399999858,-1.5866,4915714,6372389481.7
20260525,1257.248421,1274.62716957,1247.479591,1256.15431204,1260.3744466,-4.220134560000133,-0.3348,4635276,5978725158.26
20260526,1255.63656405,1260.07161287,1240.65117883,1243.94327454,1256.15431204,-12.211037499999975,-0.9721,4593162,5867830633.19
20260527,1238.70718166,1288.508677,1221.2014383,1272.878549,1243.94327454,28.935274460000073,2.3261,8272791,10586574902.2
20260528,1260.17907,1273.855432,1241.618293,1246.48317034,1272.878549,-26.395378660000006,-2.0737,4588998,5895475019.48
20260529,1241.2275398,1298.277507,1240.64141,1295.346858,1246.48317034,48.863687660000096,3.9201,7647805,10037388211.15
20260601,1296.323741,1296.323741,1271.22761673,1279.3259768,1295.346858,-16.020881200000076,-1.2368,4384460,5741133268.45
20260602,1275.809198,1295.69853588,1270.924783,1277.00099526,1279.3259768,-2.3249815399999534,-0.1817,3636185,4769963103.81
20260603,1273.855432,1273.855432,1246.502708,1252.27608653,1277.00099526,-24.724908730000152,-1.9362,5247652,6743202681.32
20260604,1249.42358817,1259.19241817,1237.40792727,1238.687644,1252.27608653,-13.588442529999838,-1.0851,3350617,4273269325.49
20260605,1248.456474,1253.340889,1238.43365442,1243.43529538,1238.687644,4.747651379999979,0.3833,3130397,3984001862.34
20260608,1242.595176,1248.456474,1230.87258,1233.78369134,1243.43529538,-9.651604040000166,-0.7762,3082836,3898027116.3
20260609,1233.79346017,1233.803229,1223.59480165,1226.965048,1233.78369134,-6.8186433399998805,-0.5527,2786012,3500590714.75
20260610,1223.13566664,1252.364006,1221.30889543,1246.38548204,1226.965048,19.42043403999992,1.5828,3924414,4991686419.32
20260611,1242.71240196,1253.22366304,1237.62284153,1249.433357,1246.38548204,3.0478749599999446,0.2445,2535198,3230008219.71
20260612,1241.79413194,1265.063485,1235.76676383,1262.04491653,1249.433357,12.611559530000022,1.0094,5049478,6477910214.33
20260615,1262.8166541,1262.8166541,1240.7390983,1241.7159813,1262.04491653,-20.328935229999843,-1.6108,4158556,5303656129.29
20260616,1237.72052983,1238.57041804,1225.988165,1226.64267661,1241.7159813,-15.073304689999986,-1.2139,3496974,4399957625.46
20260617,1228.918814,1230.64789691,1209.92820848,1211.33492,1226.64267661,-15.30775661000007,-1.2479,4480330,5581256291.12
20260618,1206.450505,1210.23104221,1183.22022726,1186.912845,1211.33492,-24.42207499999995,-2.0161,5747173,7016713941.4
20260622,1186.23879573,1223.8390224,1177.144015,1212.71232503,1186.912845,25.79948003000004,2.1737,5825131,7163236298.37
20260623,1210.358037,1234.780112,1188.866611,1194.19062335,1212.71232503,-18.521701680000206,-1.5273,5800405,7179745910.82
20260624,1194.38599995,1213.16169121,1179.59599133,1179.76206144,1194.19062335,-14.428561909999871,-1.2082,4533528,5516574459.55
20260625,1179.097781,1198.635441,1172.2596,1184.0798843,1179.76206144,4.317822859999978,0.366,4844649,5860481755.21
20260626,1199.0,1199.0,1168.1,1168.63,1184.08,-15.449999999999818,-1.3048,5006647,5922014053.77
20260629,1169.0,1215.0,1151.01,1194.96,1168.63,26.329999999999927,2.2531,6687812,7949237761.39
20260630,1187.0,1195.67,1176.0,1185.49,1194.96,-9.470000000000027,-0.7925,3960779,4684236158.95
20260701,1180.1,1196.8,1166.33,1193.01,1185.49,7.519999999999982,0.6343,4247381,5033838235.54
20260702,1193.01,1215.52,1190.51,1203.0,1193.01,9.990000000000009,0.8374,5087015,6122360931.78
20260703,1205.24,1210.14,1185.0,1194.45,1203.0,-8.549999999999955,-0.7107,3426755,4099266243.41
